<?xml version="1.0" encoding="UTF-8"?>
<metadata xml:lang="en"><Esri><CreaDate>20150420</CreaDate><CreaTime>09483400</CreaTime><SyncOnce>FALSE</SyncOnce><DataProperties><lineage><Process ToolSource="C:\Program Files (x86)\ArcGIS\Desktop10.0\ArcToolbox\Toolboxes\Data Management Tools.tbx\Append" Date="20130124" Time="081253">Append GPL0 GPL1 NO_TEST "ALTURA_SOBRE_NIVEL_MAR "TALT" true true false 8 Double 0 0 ,First,#,X:\ANTIOQUIA_10000\SALIDA FINAL\GEODATA\148IIIB3_CD.mdb\Curva_Nivel,ALTURA_SOBRE_NIVEL_MAR,-1,-1,X:\ANTIOQUIA_10000\SALIDA FINAL\GEODATA\148IIIB3.mdb\Curva_Nivel,ALTURA_SOBRE_NIVEL_MAR,-1,-1;TIPO_CURVA_NIVEL "TTCN" true false false 4 Long 0 0 ,First,#,X:\ANTIOQUIA_10000\SALIDA FINAL\GEODATA\148IIIB3_CD.mdb\Curva_Nivel,TIPO_CURVA_NIVEL,-1,-1,X:\ANTIOQUIA_10000\SALIDA FINAL\GEODATA\148IIIB3.mdb\Curva_Nivel,TIPO_CURVA_NIVEL,-1,-1;PROYECTO "PROYECTO" true true false 30 Text 0 0 ,First,#,X:\ANTIOQUIA_10000\SALIDA FINAL\GEODATA\148IIIB3_CD.mdb\Curva_Nivel,PROYECTO,-1,-1,X:\ANTIOQUIA_10000\SALIDA FINAL\GEODATA\148IIIB3.mdb\Curva_Nivel,PROYECTO,-1,-1;SYMBOL "Symbol" true true false 255 Text 0 0 ,First,#,X:\ANTIOQUIA_10000\SALIDA FINAL\GEODATA\148IIIB3_CD.mdb\Curva_Nivel,SYMBOL,-1,-1,X:\ANTIOQUIA_10000\SALIDA FINAL\GEODATA\148IIIB3.mdb\Curva_Nivel,SYMBOL,-1,-1;FECHA "FECHA" true true false 8 Date 0 0 ,First,#,X:\ANTIOQUIA_10000\SALIDA FINAL\GEODATA\148IIIB3_CD.mdb\Curva_Nivel,FECHA,-1,-1,X:\ANTIOQUIA_10000\SALIDA FINAL\GEODATA\148IIIB3.mdb\Curva_Nivel,FECHA,-1,-1;ISVISIBLE "IsVisible" true true false 4 Long 0 0 ,First,#,X:\ANTIOQUIA_10000\SALIDA FINAL\GEODATA\148IIIB3_CD.mdb\Curva_Nivel,ISVISIBLE,-1,-1,X:\ANTIOQUIA_10000\SALIDA FINAL\GEODATA\148IIIB3.mdb\Curva_Nivel,ISVISIBLE,-1,-1;SHAPE_Length "SHAPE_Length" false true true 8 Double 0 0 ,First,#,X:\ANTIOQUIA_10000\SALIDA FINAL\GEODATA\148IIIB3_CD.mdb\Curva_Nivel,SHAPE_Length,-1,-1,X:\ANTIOQUIA_10000\SALIDA FINAL\GEODATA\148IIIB3.mdb\Curva_Nivel,SHAPE_Length,-1,-1;RuleID "RuleID" true true true 4 Long 0 0 ,First,#,X:\ANTIOQUIA_10000\SALIDA FINAL\GEODATA\148IIIB3_CD.mdb\Curva_Nivel,RuleID,0,0" #</Process><Process ToolSource="C:\Program Files (x86)\ArcGIS\ArcToolbox\Toolboxes\Data Management Tools.tbx\Merge" Date="20140902" Time="103419">Merge F:\San_Carlos\Curva_nivel_148IIIB3.shp;F:\San_Carlos\Curvas_148IIIA2.shp;F:\San_Carlos\Curvas_148IIIA4.shp;F:\San_Carlos\Curvas_148IIIB1.shp;F:\San_Carlos\Curvas_nivel_148IC4.shp;F:\San_Carlos\Curvas_nivel_148ID3.shp F:\San_Carlos\Curvas_Merge.shp "ALTURA_SOB 'ALTURA_SOB' true true false 19 Double 0 0 ,First,#,F:\San_Carlos\Curva_nivel_148IIIB3.shp,ALTURA_SOB,-1,-1,F:\San_Carlos\Curvas_148IIIA2.shp,ALTURA_SOB,-1,-1,F:\San_Carlos\Curvas_148IIIA4.shp,ALTURA_SOB,-1,-1,F:\San_Carlos\Curvas_148IIIB1.shp,ALTURA_SOB,-1,-1,F:\San_Carlos\Curvas_nivel_148IC4.shp,ALTURA_SOB,-1,-1,F:\San_Carlos\Curvas_nivel_148ID3.shp,ALTURA_SOB,-1,-1;TIPO_CURVA 'TIPO_CURVA' true true false 9 Long 0 9 ,First,#,F:\San_Carlos\Curva_nivel_148IIIB3.shp,TIPO_CURVA,-1,-1,F:\San_Carlos\Curvas_148IIIA2.shp,TIPO_CURVA,-1,-1,F:\San_Carlos\Curvas_148IIIA4.shp,TIPO_CURVA,-1,-1,F:\San_Carlos\Curvas_148IIIB1.shp,TIPO_CURVA,-1,-1,F:\San_Carlos\Curvas_nivel_148IC4.shp,TIPO_CURVA,-1,-1,F:\San_Carlos\Curvas_nivel_148ID3.shp,TIPO_CURVA,-1,-1;PROYECTO 'PROYECTO' true true false 30 Text 0 0 ,First,#,F:\San_Carlos\Curva_nivel_148IIIB3.shp,PROYECTO,-1,-1,F:\San_Carlos\Curvas_148IIIA2.shp,PROYECTO,-1,-1,F:\San_Carlos\Curvas_148IIIA4.shp,PROYECTO,-1,-1,F:\San_Carlos\Curvas_148IIIB1.shp,PROYECTO,-1,-1,F:\San_Carlos\Curvas_nivel_148IC4.shp,PROYECTO,-1,-1,F:\San_Carlos\Curvas_nivel_148ID3.shp,PROYECTO,-1,-1;SYMBOL 'SYMBOL' true true false 254 Text 0 0 ,First,#,F:\San_Carlos\Curva_nivel_148IIIB3.shp,SYMBOL,-1,-1,F:\San_Carlos\Curvas_148IIIA2.shp,SYMBOL,-1,-1,F:\San_Carlos\Curvas_148IIIA4.shp,SYMBOL,-1,-1,F:\San_Carlos\Curvas_148IIIB1.shp,SYMBOL,-1,-1,F:\San_Carlos\Curvas_nivel_148IC4.shp,SYMBOL,-1,-1,F:\San_Carlos\Curvas_nivel_148ID3.shp,SYMBOL,-1,-1;FECHA 'FECHA' true true false 8 Date 0 0 ,First,#,F:\San_Carlos\Curva_nivel_148IIIB3.shp,FECHA,-1,-1,F:\San_Carlos\Curvas_148IIIA2.shp,FECHA,-1,-1,F:\San_Carlos\Curvas_148IIIA4.shp,FECHA,-1,-1,F:\San_Carlos\Curvas_148IIIB1.shp,FECHA,-1,-1,F:\San_Carlos\Curvas_nivel_148IC4.shp,FECHA,-1,-1,F:\San_Carlos\Curvas_nivel_148ID3.shp,FECHA,-1,-1;ISVISIBLE 'ISVISIBLE' true true false 9 Long 0 9 ,First,#,F:\San_Carlos\Curva_nivel_148IIIB3.shp,ISVISIBLE,-1,-1,F:\San_Carlos\Curvas_148IIIA2.shp,ISVISIBLE,-1,-1,F:\San_Carlos\Curvas_148IIIA4.shp,ISVISIBLE,-1,-1,F:\San_Carlos\Curvas_148IIIB1.shp,ISVISIBLE,-1,-1,F:\San_Carlos\Curvas_nivel_148IC4.shp,ISVISIBLE,-1,-1,F:\San_Carlos\Curvas_nivel_148ID3.shp,ISVISIBLE,-1,-1;RuleID 'RuleID' true true false 9 Long 0 9 ,First,#,F:\San_Carlos\Curva_nivel_148IIIB3.shp,RuleID,-1,-1,F:\San_Carlos\Curvas_148IIIA2.shp,RuleID,-1,-1,F:\San_Carlos\Curvas_148IIIA4.shp,RuleID,-1,-1,F:\San_Carlos\Curvas_148IIIB1.shp,RuleID,-1,-1,F:\San_Carlos\Curvas_nivel_148IC4.shp,RuleID,-1,-1,F:\San_Carlos\Curvas_nivel_148ID3.shp,RuleID,-1,-1;SHAPE_Leng 'SHAPE_Leng' true true false 19 Double 0 0 ,First,#,F:\San_Carlos\Curva_nivel_148IIIB3.shp,SHAPE_Leng,-1,-1,F:\San_Carlos\Curvas_148IIIA2.shp,SHAPE_Leng,-1,-1,F:\San_Carlos\Curvas_148IIIA4.shp,SHAPE_Leng,-1,-1,F:\San_Carlos\Curvas_148IIIB1.shp,SHAPE_Leng,-1,-1,F:\San_Carlos\Curvas_nivel_148IC4.shp,SHAPE_Leng,-1,-1,F:\San_Carlos\Curvas_nivel_148ID3.shp,SHAPE_Leng,-1,-1;OBJECTID 'OBJECTID' true true false 9 Long 0 9 ,First,#,F:\San_Carlos\Curvas_148IIIA2.shp,OBJECTID,-1,-1"</Process><Process ToolSource="C:\Program Files (x86)\ArcGIS\ArcToolbox\Toolboxes\Analysis Tools.tbx\Clip" Date="20140903" Time="185216">Clip Curvas_Merge Cuenca_Chorrera "D:\SAN CARLOS CARTOGRAFIA\San_Carlos_U_Nacional\Shapes\Basica\Curvas_Cuenca.shp" #</Process></lineage><itemProps><itemName Sync="TRUE">Curva_nivel_148IIIB3</itemName><imsContentType Sync="TRUE">002</imsContentType><itemSize Sync="TRUE">0.000</itemSize><itemLocation><linkage Sync="TRUE">file://\\DELL875\G$\San_Carlos\Curva_nivel_148IIIB3.shp</linkage><protocol Sync="TRUE">Local Area Network</protocol></itemLocation></itemProps><coordRef><type Sync="TRUE">Projected</type><geogcsn Sync="TRUE">GCS_MAGNA</geogcsn><csUnits Sync="TRUE">Linear Unit: Meter (1.000000)</csUnits><projcsn Sync="TRUE">MAGNA_Colombia_Bogota</projcsn><peXml Sync="TRUE">&lt;ProjectedCoordinateSystem xsi:type='typens:ProjectedCoordinateSystem' xmlns:xsi='http://www.w3.org/2001/XMLSchema-instance' xmlns:xs='http://www.w3.org/2001/XMLSchema' xmlns:typens='http://www.esri.com/schemas/ArcGIS/10.1'&gt;&lt;WKT&gt;PROJCS[&amp;quot;MAGNA_Colombia_Bogota&amp;quot;,GEOGCS[&amp;quot;GCS_MAGNA&amp;quot;,DATUM[&amp;quot;D_MAGNA&amp;quot;,SPHEROID[&amp;quot;GRS_1980&amp;quot;,6378137.0,298.257222101]],PRIMEM[&amp;quot;Greenwich&amp;quot;,0.0],UNIT[&amp;quot;Degree&amp;quot;,0.0174532925199433]],PROJECTION[&amp;quot;Transverse_Mercator&amp;quot;],PARAMETER[&amp;quot;False_Easting&amp;quot;,1000000.0],PARAMETER[&amp;quot;False_Northing&amp;quot;,1000000.0],PARAMETER[&amp;quot;Central_Meridian&amp;quot;,-74.07750791666666],PARAMETER[&amp;quot;Scale_Factor&amp;quot;,1.0],PARAMETER[&amp;quot;Latitude_Of_Origin&amp;quot;,4.596200416666666],UNIT[&amp;quot;Meter&amp;quot;,1.0],AUTHORITY[&amp;quot;EPSG&amp;quot;,3116]]&lt;/WKT&gt;&lt;XOrigin&gt;-4623200&lt;/XOrigin&gt;&lt;YOrigin&gt;-9510300&lt;/YOrigin&gt;&lt;XYScale&gt;450265407.00157917&lt;/XYScale&gt;&lt;ZOrigin&gt;-100000&lt;/ZOrigin&gt;&lt;ZScale&gt;10000&lt;/ZScale&gt;&lt;MOrigin&gt;-100000&lt;/MOrigin&gt;&lt;MScale&gt;10000&lt;/MScale&gt;&lt;XYTolerance&gt;0.001&lt;/XYTolerance&gt;&lt;ZTolerance&gt;0.001&lt;/ZTolerance&gt;&lt;MTolerance&gt;0.001&lt;/MTolerance&gt;&lt;HighPrecision&gt;true&lt;/HighPrecision&gt;&lt;WKID&gt;3116&lt;/WKID&gt;&lt;LatestWKID&gt;3116&lt;/LatestWKID&gt;&lt;/ProjectedCoordinateSystem&gt;</peXml></coordRef></DataProperties><SyncDate>20140903</SyncDate><SyncTime>18520600</SyncTime><ModDate>20140903</ModDate><ModTime>18520600</ModTime><ArcGISFormat>1.0</ArcGISFormat></Esri><dataIdInfo><envirDesc Sync="TRUE">Microsoft Windows Vista Version 6.1 (Build 7601) Service Pack 1; ESRI ArcCatalog 9.3.1.3000</envirDesc><dataLang><languageCode value="es" Sync="TRUE"></languageCode><countryCode value="COL" Sync="TRUE"></countryCode></dataLang><idCitation><resTitle Sync="TRUE">Curvas_Cuenca</resTitle><presForm><PresFormCd value="005" Sync="TRUE"></PresFormCd></presForm></idCitation><spatRpType><SpatRepTypCd value="001" Sync="TRUE"></SpatRepTypCd></spatRpType></dataIdInfo><mdLang><languageCode value="es" Sync="TRUE"></languageCode><countryCode value="COL" Sync="TRUE"></countryCode></mdLang><distInfo><distFormat><formatName Sync="TRUE">Shapefile</formatName></distFormat><distTranOps><transSize Sync="TRUE">0.000</transSize></distTranOps><distributor><distorTran><onLineSrc><orDesc Sync="TRUE">002</orDesc><linkage Sync="TRUE">file://\\EXTENSION02\D\SAN CARLOS CARTOGRAFIA\San_Carlos_U_Nacional\Shapes\Basica\Curvas_Cuenca.shp</linkage><protocol Sync="TRUE">Local Area Network</protocol></onLineSrc><transSize Sync="TRUE">0,000</transSize></distorTran><distorFormat><formatName Sync="TRUE">Shapefile</formatName></distorFormat></distributor></distInfo><mdHrLv><ScopeCd value="005" Sync="TRUE"></ScopeCd></mdHrLv><mdHrLvName Sync="TRUE">dataset</mdHrLvName><refSysInfo><RefSystem><refSysID><identCode code="3116" Sync="TRUE">MAGNA_Colombia_Bogota</identCode><idCodeSpace Sync="TRUE">EPSG</idCodeSpace><idVersion Sync="TRUE">8.2.6</idVersion></refSysID></RefSystem></refSysInfo><spatRepInfo><VectSpatRep><topLvl><TopoLevCd value="001" Sync="TRUE"></TopoLevCd></topLvl><geometObjs Name="Curvas_Cuenca"><geoObjTyp><GeoObjTypCd Sync="TRUE" value="001"></GeoObjTypCd></geoObjTyp><geoObjCnt Sync="TRUE">0</geoObjCnt></geometObjs></VectSpatRep></spatRepInfo><spdoinfo><ptvctinf><esriterm Name="Curvas_Cuenca"><efeatyp Sync="TRUE">Simple</efeatyp><efeageom code="3" Sync="TRUE">Polyline</efeageom><esritopo Sync="TRUE">FALSE</esritopo><efeacnt Sync="TRUE">0</efeacnt><spindex Sync="TRUE">FALSE</spindex><linrefer Sync="TRUE">TRUE</linrefer></esriterm><sdtsterm Name="Curvas_Cuenca"><sdtstype Sync="TRUE">String</sdtstype><ptvctcnt Sync="TRUE">0</ptvctcnt></sdtsterm></ptvctinf><direct Sync="TRUE">Vector</direct></spdoinfo><eainfo><detailed Name="Curvas_Cuenca"><enttyp><enttypl Sync="TRUE">Curvas_Cuenca</enttypl><enttypt Sync="TRUE">Feature Class</enttypt><enttypc Sync="TRUE">0</enttypc></enttyp><attr><attrlabl Sync="TRUE">FID</attrlabl><attalias Sync="TRUE">FID</attalias><attrtype Sync="TRUE">OID</attrtype><attwidth Sync="TRUE">4</attwidth><atprecis Sync="TRUE">0</atprecis><attscale Sync="TRUE">0</attscale><attrdef Sync="TRUE">Internal feature number.</attrdef><attrdefs Sync="TRUE">Esri</attrdefs><attrdomv><udom Sync="TRUE">Sequential unique whole numbers that are automatically generated.</udom></attrdomv></attr><attr><attrlabl Sync="TRUE">Shape</attrlabl><attalias Sync="TRUE">Shape</attalias><attrtype Sync="TRUE">Geometry</attrtype><attwidth Sync="TRUE">0</attwidth><atprecis Sync="TRUE">0</atprecis><attscale Sync="TRUE">0</attscale><attrdef Sync="TRUE">Feature geometry.</attrdef><attrdefs Sync="TRUE">Esri</attrdefs><attrdomv><udom Sync="TRUE">Coordinates defining the features.</udom></attrdomv></attr><attr><attrlabl Sync="TRUE">ALTURA_SOB</attrlabl><attalias Sync="TRUE">ALTURA_SOB</attalias><attrtype Sync="TRUE">Float</attrtype><attwidth Sync="TRUE">19</attwidth><atnumdec Sync="TRUE">11</atnumdec></attr><attr><attrlabl Sync="TRUE">TIPO_CURVA</attrlabl><attalias Sync="TRUE">TIPO_CURVA</attalias><attrtype Sync="TRUE">Number</attrtype><attwidth Sync="TRUE">9</attwidth></attr><attr><attrlabl Sync="TRUE">PROYECTO</attrlabl><attalias Sync="TRUE">PROYECTO</attalias><attrtype Sync="TRUE">String</attrtype><attwidth Sync="TRUE">30</attwidth></attr><attr><attrlabl Sync="TRUE">SYMBOL</attrlabl><attalias Sync="TRUE">SYMBOL</attalias><attrtype Sync="TRUE">String</attrtype><attwidth Sync="TRUE">254</attwidth></attr><attr><attrlabl Sync="TRUE">FECHA</attrlabl><attalias Sync="TRUE">FECHA</attalias><attrtype Sync="TRUE">Date</attrtype><attwidth Sync="TRUE">8</attwidth></attr><attr><attrlabl Sync="TRUE">ISVISIBLE</attrlabl><attalias Sync="TRUE">ISVISIBLE</attalias><attrtype Sync="TRUE">Number</attrtype><attwidth Sync="TRUE">9</attwidth></attr><attr><attrlabl Sync="TRUE">RuleID</attrlabl><attalias Sync="TRUE">RuleID</attalias><attrtype Sync="TRUE">Number</attrtype><attwidth Sync="TRUE">9</attwidth></attr><attr><attrlabl Sync="TRUE">SHAPE_Leng</attrlabl><attalias Sync="TRUE">SHAPE_Leng</attalias><attrtype Sync="TRUE">Float</attrtype><attwidth Sync="TRUE">19</attwidth><atnumdec Sync="TRUE">11</atnumdec></attr><attr><attrlabl Sync="TRUE">OBJECTID</attrlabl><attalias Sync="TRUE">OBJECTID</attalias><attrtype Sync="TRUE">Number</attrtype><attwidth Sync="TRUE">9</attwidth></attr></detailed></eainfo><mdDateSt Sync="TRUE">20140903</mdDateSt><idinfo><native Sync="TRUE">Microsoft Windows Vista Version 6.1 (Build 7601) Service Pack 1; ESRI ArcCatalog 9.3.1.3000</native><descript><langdata Sync="TRUE">es</langdata></descript><citation><citeinfo><title Sync="TRUE">Curvas_Cuenca</title><ftname Sync="TRUE">Curvas_Cuenca</ftname><geoform Sync="TRUE">vector digital data</geoform><onlink Sync="TRUE">\\EXTENSION02\D\SAN CARLOS CARTOGRAFIA\San_Carlos_U_Nacional\Shapes\Basica\Curvas_Cuenca.shp</onlink></citeinfo></citation><natvform Sync="TRUE">Shapefile</natvform></idinfo><metainfo><langmeta Sync="TRUE">es</langmeta><metstdn Sync="TRUE">FGDC Content Standards for Digital Geospatial Metadata</metstdn><metstdv Sync="TRUE">FGDC-STD-001-1998</metstdv><mettc Sync="TRUE">local time</mettc><metd Sync="TRUE">20140903</metd><metextns><onlink Sync="TRUE">http://www.esri.com/metadata/esriprof80.html</onlink><metprof Sync="TRUE">ESRI Metadata Profile</metprof></metextns></metainfo><mdStanName Sync="TRUE">ISO 19115 Geographic Information - Metadata</mdStanName><mdStanVer Sync="TRUE">DIS_ESRI1.0</mdStanVer><mdChar><CharSetCd Sync="TRUE" value="004"></CharSetCd></mdChar><distinfo><resdesc Sync="TRUE">Downloadable Data</resdesc><stdorder><digform><digtinfo><transize Sync="TRUE">0,000</transize><dssize Sync="TRUE">0,000</dssize></digtinfo></digform></stdorder></distinfo><spref><horizsys><cordsysn><geogcsn Sync="TRUE">GCS_MAGNA</geogcsn><projcsn Sync="TRUE">MAGNA_Colombia_Bogota</projcsn></cordsysn><planar><planci><plance Sync="TRUE">coordinate pair</plance><plandu Sync="TRUE">meters</plandu><coordrep><absres Sync="TRUE">0.000000</absres><ordres Sync="TRUE">0.000000</ordres></coordrep></planci><mapproj><mapprojn Sync="TRUE">Transverse Mercator</mapprojn><transmer><sfctrmer Sync="TRUE">1.000000</sfctrmer><longcm Sync="TRUE">-74.077508</longcm><latprjo Sync="TRUE">4.596200</latprjo><feast Sync="TRUE">1000000.000000</feast><fnorth Sync="TRUE">1000000.000000</fnorth></transmer></mapproj></planar><geodetic><horizdn Sync="TRUE">D_MAGNA</horizdn><ellips Sync="TRUE">Geodetic Reference System 80</ellips><semiaxis Sync="TRUE">6378137.000000</semiaxis><denflat Sync="TRUE">298.257222</denflat></geodetic></horizsys><vertdef><altsys><altenc Sync="TRUE">Explicit elevation coordinate included with horizontal coordinates</altenc><altres Sync="TRUE">0.000100</altres></altsys></vertdef></spref></metadata>
